var2,var3,value_agg_over_var1
0,0,7.236811189196677
1,0,8.186707483544398
2,0,8.291398592181157
3,0,6.636176963056354
0,1,6.715939381339377
1,1,7.831003305089771
2,1,6.6310293671422045
3,1,7.799353647830962
0,2,7.305897968829521
1,2,8.333519044446271
2,2,7.868985012420685
3,2,8.227273324885386
0,3,7.001628372609913
1,3,7.313182319528503
2,3,6.81364195030474
3,3,7.464397615487381
0,4,7.820274351209687
1,4,8.418175847708982
2,4,7.59112682945133
3,4,6.832503718971139
