var1,var2,value_agg_over_var3
0,0,11.77751979975032
1,0,12.085801985394163
2,0,12.217229478040695
0,1,13.727585329282093
1,1,13.697724089575836
2,1,12.657278581459996
0,2,12.439237352614658
1,2,12.459307322242262
2,2,12.297637076643195
0,3,12.30269487493658
1,3,12.977403781405064
2,3,11.679606613889579
